{"cameraMode":{"drawMode":0,"name":"Shaded","section":"Shading Mode"},"sceneLighting":true,"audioPlay":false,"sceneViewState":{"showFog":true,"showMaterialUpdate":false,"showSkybox":true,"showFlares":true,"showImageEffects":true,"showParticleSystems":true},"in2DMode":false,"pivot":{"x":-28.879961013793947,"y":-30.35601234436035,"z":1.6344274282455445},"rotation":{"x":0.24393250048160554,"y":-0.6637325882911682,"z":0.24397249519824983,"w":0.6637908220291138},"size":70.02301788330078,"orthographic":false}